aircraft_id,tail_number,aircraft_type,operator,fleet_id,entry_service_date,manufacturer,total_flight_hours,base_airport,active
1,N562HH,B737-800,Delta Air Lines,FLEET-009,2013-06-24,Boeing,8601,ORD,True
2,N883NB,B737-900,Spirit Airlines,FLEET-019,2018-07-22,Boeing,16513,DFW,True
3,N963AR,MD-11F,Southwest Airlines,FLEET-020,2019-01-03,Boeing,11662,LAX,True
4,N228OS,A321-200,Spirit Airlines,FLEET-008,2013-07-13,Airbus,32356,JFK,True
5,N719KI,B757-200,American Airlines,FLEET-014,2014-12-20,Boeing,44673,ORD,True
6,N210MD,B737-900,UPS Airlines,FLEET-003,2018-05-25,Boeing,23324,SEA,True
7,N556XO,B777-200,Frontier Airlines,FLEET-002,2018-02-15,Boeing,2961,BOS,True
8,N674JU,B737-900,Alaska Airlines,FLEET-018,2017-06-11,Boeing,17860,MSP,True
9,N437WC,B747-400F,UPS Airlines,FLEET-007,2015-11-19,Boeing,48118,DFW,True
10,N224DM,B737-900,FedEx Express,FLEET-008,2011-10-17,Boeing,5030,JFK,True
11,N608LG,B757-200,UPS Airlines,FLEET-012,2011-03-01,Boeing,58660,JFK,True
12,N966RX,B747-400F,Delta Air Lines,FLEET-006,2020-04-12,Boeing,35743,LAX,True
13,N153HV,B777-200,Alaska Airlines,FLEET-018,2017-02-02,Boeing,28142,SEA,True
14,N351ZK,B767-300,American Airlines,FLEET-002,2017-07-12,Boeing,7953,DEN,True
15,N218GU,B747-400F,Southwest Airlines,FLEET-011,2015-11-17,Boeing,21448,MIA,True
16,N505EH,B757-200,JetBlue Airways,FLEET-009,2013-05-29,Boeing,9640,BOS,True
17,N172ML,A321-200,Frontier Airlines,FLEET-019,2017-08-03,Airbus,21354,LAX,False
18,N542CY,MD-11F,United Airlines,FLEET-016,2010-04-09,Boeing,56144,DFW,True
19,N873TC,B757-200,United Airlines,FLEET-014,2017-10-17,Boeing,52655,DEN,True
20,N121RA,MD-11F,JetBlue Airways,FLEET-009,2020-01-03,Boeing,46410,ATL,True
21,N918DJ,B777-200,Spirit Airlines,FLEET-011,2019-05-01,Boeing,2744,DEN,True
22,N264YF,B777-200,American Airlines,FLEET-017,2020-06-12,Boeing,28051,BOS,True
23,N467GE,MD-11F,FedEx Express,FLEET-020,2016-04-10,Boeing,26362,SEA,True
24,N139TK,MD-11F,Spirit Airlines,FLEET-001,2014-03-16,Boeing,33700,MIA,True
25,N633BH,B777-200,UPS Airlines,FLEET-008,2019-11-28,Boeing,54495,MSP,False
26,N317YR,A330-300,Delta Air Lines,FLEET-003,2020-07-05,Airbus,33809,ORD,True
27,N251IQ,MD-11F,JetBlue Airways,FLEET-006,2013-04-13,Boeing,48858,MSP,True
28,N176WJ,MD-11F,Southwest Airlines,FLEET-007,2019-05-08,Boeing,54249,DEN,False
29,N732OD,A330-300,UPS Airlines,FLEET-017,2011-09-28,Airbus,44481,LAX,True
30,N191RH,B737-800,UPS Airlines,FLEET-019,2012-10-17,Boeing,19267,MSP,True
31,N937CB,B737-800,Delta Air Lines,FLEET-008,2018-07-03,Boeing,47826,SEA,True
32,N897GR,B777-200,Southwest Airlines,FLEET-016,2013-03-11,Boeing,59756,ORD,True
33,N338HZ,B747-400F,Frontier Airlines,FLEET-016,2014-09-08,Boeing,21107,MIA,True
34,N199VN,B737-900,Southwest Airlines,FLEET-004,2010-08-10,Boeing,5994,SEA,True
35,N826BM,B737-800,JetBlue Airways,FLEET-004,2017-02-22,Boeing,44855,SEA,True
36,N677GR,B767-300,Delta Air Lines,FLEET-007,2015-03-17,Boeing,20502,MIA,True
37,N581HC,B777-200,United Airlines,FLEET-015,2010-11-08,Boeing,9770,MIA,True
38,N235UR,B737-900,Spirit Airlines,FLEET-002,2020-07-21,Boeing,46196,DFW,False
39,N571PP,B757-200,Southwest Airlines,FLEET-014,2017-12-07,Boeing,44106,LAX,True
40,N138AM,B757-200,American Airlines,FLEET-013,2011-06-01,Boeing,31593,JFK,True
41,N982WX,B777-200,JetBlue Airways,FLEET-014,2015-12-25,Boeing,37732,BOS,True
42,N777JG,B757-200,JetBlue Airways,FLEET-007,2017-12-28,Boeing,57083,DFW,True
43,N574BB,B737-800,Spirit Airlines,FLEET-011,2016-10-01,Boeing,29978,MSP,True
44,N632QC,B757-200,Spirit Airlines,FLEET-002,2012-01-12,Boeing,50081,ORD,True
45,N308DS,B767-300,Delta Air Lines,FLEET-013,2015-01-29,Boeing,41161,LAX,True
46,N625NV,B747-400F,American Airlines,FLEET-003,2016-09-23,Boeing,19392,MSP,True
47,N240VW,B777-200,UPS Airlines,FLEET-007,2012-09-17,Boeing,38233,SEA,True
48,N785OK,B757-200,Alaska Airlines,FLEET-010,2016-11-29,Boeing,25133,ATL,True
49,N105CR,B747-400F,Frontier Airlines,FLEET-004,2017-05-01,Boeing,46704,LAX,True
50,N832HL,A320-200,United Airlines,FLEET-003,2015-02-12,Airbus,43808,JFK,True
51,N139ZU,B777-200,Spirit Airlines,FLEET-020,2020-07-01,Boeing,21772,BOS,True
52,N763EI,B777-200,Spirit Airlines,FLEET-004,2019-04-09,Boeing,39647,ATL,True
53,N251JT,B757-200,Spirit Airlines,FLEET-009,2016-03-23,Boeing,43854,LAX,True
54,N237PI,B777-200,Southwest Airlines,FLEET-017,2012-09-25,Boeing,7325,DFW,True
55,N464AK,B777-200,Alaska Airlines,FLEET-002,2016-06-01,Boeing,14966,ORD,True
56,N561RW,B757-200,FedEx Express,FLEET-015,2014-07-08,Boeing,11318,DEN,True
57,N378RB,B737-900,Delta Air Lines,FLEET-005,2018-05-21,Boeing,49867,SEA,True
58,N398BJ,A321-200,United Airlines,FLEET-005,2012-12-21,Airbus,51091,SEA,True
59,N916VH,A320-200,American Airlines,FLEET-007,2017-03-12,Airbus,57860,ATL,True
60,N221XE,A321-200,Spirit Airlines,FLEET-020,2011-08-18,Airbus,28254,LAX,True
61,N706FX,A321-200,United Airlines,FLEET-001,2013-10-05,Airbus,16018,SEA,True
62,N212FZ,B767-300,Alaska Airlines,FLEET-009,2012-07-24,Boeing,41581,ATL,True
63,N868GO,A330-300,American Airlines,FLEET-008,2017-12-17,Airbus,31350,SEA,True
64,N579VG,B767-300,Southwest Airlines,FLEET-001,2017-10-26,Boeing,8772,DEN,True
65,N780UQ,B777-200,Delta Air Lines,FLEET-012,2019-08-16,Boeing,15270,DEN,True
66,N976DI,A320-200,Spirit Airlines,FLEET-001,2017-01-29,Airbus,20904,ORD,True
67,N655TN,B737-800,FedEx Express,FLEET-004,2011-12-21,Boeing,25598,SEA,True
68,N917QD,A321-200,UPS Airlines,FLEET-020,2020-06-05,Airbus,43144,DEN,True
69,N672WN,B777-200,Southwest Airlines,FLEET-002,2018-12-07,Boeing,22525,DFW,True
70,N407NC,B767-300,Spirit Airlines,FLEET-012,2014-08-18,Boeing,2082,SEA,True
71,N491JV,B777-200,Delta Air Lines,FLEET-017,2020-03-21,Boeing,55663,DEN,True
72,N790GN,MD-11F,FedEx Express,FLEET-005,2011-03-18,Boeing,33371,DEN,True
73,N803JM,B747-400F,United Airlines,FLEET-019,2016-03-16,Boeing,4741,BOS,True
74,N954NZ,B777-200,FedEx Express,FLEET-007,2018-11-12,Boeing,50839,MSP,True
75,N555OV,A330-300,UPS Airlines,FLEET-015,2012-11-06,Airbus,30643,LAX,True
76,N417QV,B737-900,United Airlines,FLEET-010,2012-11-10,Boeing,38231,MSP,True
77,N502ZG,B777-200,Southwest Airlines,FLEET-008,2010-08-01,Boeing,52289,ORD,True
78,N638YC,A330-300,Southwest Airlines,FLEET-020,2020-06-11,Airbus,43863,MIA,True
79,N106PM,B767-300,Frontier Airlines,FLEET-013,2020-08-14,Boeing,25144,LAX,True
80,N750HF,B737-900,American Airlines,FLEET-014,2020-06-14,Boeing,43146,BOS,True
81,N100OE,B767-300,Spirit Airlines,FLEET-004,2015-02-25,Boeing,12985,MIA,True
82,N141YO,B747-400F,Spirit Airlines,FLEET-011,2018-03-06,Boeing,34131,MSP,True
83,N527OF,A321-200,Spirit Airlines,FLEET-018,2015-09-25,Airbus,43206,MIA,True
84,N896PU,B777-200,Southwest Airlines,FLEET-017,2014-03-03,Boeing,6939,LAX,True
85,N447IK,B777-200,Delta Air Lines,FLEET-008,2016-11-25,Boeing,22576,SEA,True
86,N300HM,B757-200,Delta Air Lines,FLEET-005,2016-06-18,Boeing,14546,ORD,True
87,N536KR,A321-200,Delta Air Lines,FLEET-014,2012-10-04,Airbus,37356,MIA,True
88,N992YS,A321-200,Southwest Airlines,FLEET-013,2015-09-01,Airbus,4489,DFW,True
89,N254AL,A321-200,Frontier Airlines,FLEET-016,2017-09-03,Airbus,52583,JFK,True
90,N601ZT,MD-11F,Alaska Airlines,FLEET-018,2016-01-30,Boeing,50761,LAX,True
91,N338AM,A321-200,FedEx Express,FLEET-016,2012-02-27,Airbus,2970,SEA,True
92,N847ET,B757-200,Alaska Airlines,FLEET-015,2013-07-30,Boeing,6537,BOS,True
93,N177VA,B747-400F,Alaska Airlines,FLEET-019,2017-07-29,Boeing,37697,ATL,True
94,N806BI,A330-300,United Airlines,FLEET-006,2010-11-24,Airbus,6764,DEN,True
95,N737YM,A320-200,JetBlue Airways,FLEET-011,2010-11-04,Airbus,27475,JFK,True
96,N696PA,B777-200,Alaska Airlines,FLEET-003,2016-09-04,Boeing,19416,BOS,True
97,N537YU,B767-300,UPS Airlines,FLEET-003,2010-06-19,Boeing,42393,DFW,True
98,N590TE,B767-300,Southwest Airlines,FLEET-001,2011-05-23,Boeing,6931,LAX,True
99,N894OW,B747-400F,Delta Air Lines,FLEET-007,2020-04-01,Boeing,28223,JFK,True
100,N764XW,B747-400F,United Airlines,FLEET-020,2014-07-19,Boeing,54934,ATL,True
101,N132SA,B777-200,United Airlines,FLEET-004,2018-06-12,Boeing,48739,JFK,True
102,N592CS,A321-200,Alaska Airlines,FLEET-007,2014-04-30,Airbus,32711,LAX,True
103,N960ZS,B747-400F,FedEx Express,FLEET-004,2018-02-02,Boeing,25782,DFW,True
104,N574QU,A320-200,Alaska Airlines,FLEET-003,2010-09-13,Airbus,45035,SEA,True
105,N538NL,A330-300,Alaska Airlines,FLEET-004,2020-10-02,Airbus,35392,MIA,True
106,N753UI,B757-200,Alaska Airlines,FLEET-017,2020-11-25,Boeing,24658,MSP,True
107,N766NX,A330-300,Spirit Airlines,FLEET-015,2015-03-19,Airbus,53951,MSP,True
108,N876OH,B737-900,Southwest Airlines,FLEET-009,2012-02-26,Boeing,14568,MIA,True
109,N489PK,A320-200,Alaska Airlines,FLEET-001,2012-04-24,Airbus,13604,ORD,True
110,N797IT,B777-200,UPS Airlines,FLEET-011,2018-05-25,Boeing,16103,JFK,True
111,N825HX,B767-300,Spirit Airlines,FLEET-003,2010-06-21,Boeing,42275,DEN,True
112,N976OZ,A330-300,Southwest Airlines,FLEET-016,2019-07-22,Airbus,7224,DFW,True
113,N551JV,A321-200,Southwest Airlines,FLEET-008,2012-09-23,Airbus,57591,MSP,True
114,N490NX,MD-11F,Spirit Airlines,FLEET-012,2019-03-13,Boeing,53808,BOS,True
115,N573IH,B777-200,JetBlue Airways,FLEET-010,2018-07-14,Boeing,9828,ATL,True
116,N717YW,B737-900,UPS Airlines,FLEET-018,2014-01-06,Boeing,7074,ORD,True
117,N676YQ,B777-200,JetBlue Airways,FLEET-019,2010-11-23,Boeing,53583,MSP,True
118,N795HL,B767-300,Delta Air Lines,FLEET-010,2018-06-02,Boeing,53691,ORD,True
119,N854BB,B757-200,Spirit Airlines,FLEET-009,2013-06-19,Boeing,32477,BOS,True
120,N920AS,A330-300,United Airlines,FLEET-004,2011-04-26,Airbus,4794,JFK,True
121,N246BI,A320-200,JetBlue Airways,FLEET-006,2016-10-13,Airbus,11573,MIA,True
122,N510CS,A321-200,Delta Air Lines,FLEET-016,2013-05-12,Airbus,54366,DFW,True
123,N178HD,B777-200,Frontier Airlines,FLEET-003,2019-04-14,Boeing,8662,BOS,True
124,N497HY,B747-400F,Frontier Airlines,FLEET-020,2020-03-16,Boeing,7489,BOS,True
125,N324NJ,B777-200,JetBlue Airways,FLEET-019,2010-05-05,Boeing,3960,MSP,True
126,N346UG,B737-900,Frontier Airlines,FLEET-007,2014-03-24,Boeing,19352,JFK,True
127,N541RC,B767-300,United Airlines,FLEET-006,2015-08-01,Boeing,50520,ORD,True
128,N956JB,B747-400F,JetBlue Airways,FLEET-016,2018-11-15,Boeing,55429,LAX,True
129,N672VH,A330-300,FedEx Express,FLEET-003,2012-07-04,Airbus,24495,JFK,True
130,N785DR,B767-300,Frontier Airlines,FLEET-014,2020-09-01,Boeing,12693,LAX,True
131,N814BF,B757-200,FedEx Express,FLEET-003,2011-11-17,Boeing,30341,JFK,True
132,N531DO,B777-200,Frontier Airlines,FLEET-015,2010-01-28,Boeing,18762,JFK,True
133,N698PO,MD-11F,FedEx Express,FLEET-018,2012-04-22,Boeing,33922,ATL,True
134,N107IA,A320-200,Alaska Airlines,FLEET-020,2019-11-22,Airbus,34785,ATL,True
135,N481YV,B747-400F,Frontier Airlines,FLEET-001,2019-11-15,Boeing,56051,JFK,True
136,N398UO,A330-300,United Airlines,FLEET-017,2018-03-10,Airbus,56737,JFK,True
137,N862CP,A321-200,Frontier Airlines,FLEET-016,2010-11-24,Airbus,48220,SEA,True
138,N499KN,B737-900,UPS Airlines,FLEET-006,2020-08-26,Boeing,56406,MIA,True
139,N445OC,MD-11F,Alaska Airlines,FLEET-002,2011-07-05,Boeing,41611,SEA,True
140,N448AV,A321-200,Delta Air Lines,FLEET-017,2012-05-06,Airbus,5535,BOS,True
141,N211LT,B767-300,American Airlines,FLEET-017,2010-08-06,Boeing,39427,MIA,True
142,N221RE,B767-300,American Airlines,FLEET-009,2011-01-04,Boeing,9042,JFK,True
143,N566UT,B737-900,JetBlue Airways,FLEET-001,2010-08-25,Boeing,54299,LAX,True
144,N269RN,MD-11F,FedEx Express,FLEET-001,2018-08-27,Boeing,25013,ATL,True
145,N265UE,A330-300,Delta Air Lines,FLEET-004,2013-12-25,Airbus,40821,MIA,False
146,N169NP,MD-11F,FedEx Express,FLEET-009,2019-09-01,Boeing,18885,MIA,True
147,N777GT,B757-200,Spirit Airlines,FLEET-013,2013-07-18,Boeing,50698,BOS,True
148,N308YZ,B737-900,United Airlines,FLEET-009,2019-05-05,Boeing,2346,DEN,True
149,N638JX,B777-200,Spirit Airlines,FLEET-001,2012-08-02,Boeing,48437,JFK,True
150,N886OR,A330-300,Frontier Airlines,FLEET-005,2018-06-23,Airbus,18050,MIA,True
151,N405OK,MD-11F,Spirit Airlines,FLEET-013,2014-10-06,Boeing,10786,LAX,False
152,N109HY,B747-400F,Southwest Airlines,FLEET-013,2010-09-08,Boeing,53386,DEN,True
153,N462VZ,A321-200,JetBlue Airways,FLEET-013,2017-01-24,Airbus,42998,ORD,True
154,N454SK,B757-200,American Airlines,FLEET-017,2016-12-24,Boeing,35628,ATL,True
155,N666OA,B737-900,JetBlue Airways,FLEET-017,2016-02-07,Boeing,19010,ORD,True
156,N296ZI,B737-900,United Airlines,FLEET-016,2017-03-01,Boeing,25048,SEA,True
157,N797VR,B737-900,Alaska Airlines,FLEET-011,2010-11-19,Boeing,7537,DEN,False
158,N167TC,MD-11F,JetBlue Airways,FLEET-002,2010-08-08,Boeing,30149,LAX,True
159,N531ND,B767-300,FedEx Express,FLEET-003,2015-11-18,Boeing,43407,ATL,True
160,N141KZ,B737-800,FedEx Express,FLEET-002,2013-08-29,Boeing,29635,DFW,True
161,N310HQ,A321-200,UPS Airlines,FLEET-005,2011-08-26,Airbus,13530,DEN,True
162,N891CT,B757-200,United Airlines,FLEET-006,2016-05-08,Boeing,33577,DEN,True
163,N368EH,A330-300,Southwest Airlines,FLEET-019,2015-10-02,Airbus,47319,MIA,True
164,N713ZO,B777-200,JetBlue Airways,FLEET-001,2011-09-18,Boeing,15963,JFK,True
165,N934LS,B737-900,United Airlines,FLEET-015,2020-11-10,Boeing,9453,JFK,True
166,N385JG,B777-200,Alaska Airlines,FLEET-015,2019-02-15,Boeing,14358,DEN,True
167,N373SL,B767-300,Delta Air Lines,FLEET-013,2019-12-11,Boeing,2952,MSP,True
168,N600IA,B737-800,FedEx Express,FLEET-013,2017-08-10,Boeing,58874,MSP,True
169,N267JY,B747-400F,American Airlines,FLEET-016,2017-03-11,Boeing,12853,LAX,True
170,N242TI,B767-300,UPS Airlines,FLEET-007,2011-04-15,Boeing,31559,ORD,True
171,N444BS,B777-200,American Airlines,FLEET-015,2020-08-11,Boeing,29872,SEA,True
172,N121XN,B777-200,Delta Air Lines,FLEET-011,2014-09-12,Boeing,34235,ORD,True
173,N118QI,A320-200,Spirit Airlines,FLEET-017,2017-06-02,Airbus,56017,ORD,True
174,N215ZD,B777-200,JetBlue Airways,FLEET-011,2015-07-24,Boeing,10733,MIA,False
175,N538ZR,B767-300,United Airlines,FLEET-013,2019-10-25,Boeing,31405,SEA,True
176,N852RD,B737-800,Alaska Airlines,FLEET-009,2014-04-12,Boeing,16009,MIA,True
177,N936UL,B747-400F,FedEx Express,FLEET-013,2016-05-03,Boeing,29233,ATL,True
178,N514RK,B737-800,JetBlue Airways,FLEET-020,2010-05-03,Boeing,19694,MSP,True
179,N758UN,A330-300,Delta Air Lines,FLEET-010,2012-04-14,Airbus,52879,ATL,True
180,N486DD,B777-200,American Airlines,FLEET-016,2011-10-08,Boeing,41737,LAX,True
181,N521LV,A321-200,United Airlines,FLEET-015,2010-09-26,Airbus,49141,BOS,True
182,N492PT,A321-200,United Airlines,FLEET-004,2011-06-09,Airbus,48150,DEN,False
183,N993GO,B737-800,FedEx Express,FLEET-012,2019-08-30,Boeing,45625,MIA,False
184,N590RU,B737-900,UPS Airlines,FLEET-012,2010-03-02,Boeing,29899,SEA,True
185,N145OC,B767-300,FedEx Express,FLEET-004,2012-03-25,Boeing,47862,LAX,True
186,N343ZK,B737-800,Frontier Airlines,FLEET-002,2018-07-08,Boeing,24995,LAX,False
187,N130YR,B767-300,Frontier Airlines,FLEET-003,2011-12-03,Boeing,29770,LAX,True
188,N114ZT,A320-200,Southwest Airlines,FLEET-005,2012-09-04,Airbus,26790,DFW,True
189,N248IZ,B757-200,United Airlines,FLEET-018,2018-08-22,Boeing,10700,ORD,True
190,N397LZ,B757-200,American Airlines,FLEET-001,2016-03-17,Boeing,3040,LAX,True
191,N197BE,B757-200,American Airlines,FLEET-009,2010-06-06,Boeing,4752,DEN,True
192,N497YL,A330-300,Delta Air Lines,FLEET-015,2018-05-02,Airbus,10809,BOS,True
193,N341TB,MD-11F,JetBlue Airways,FLEET-008,2011-05-13,Boeing,57997,BOS,True
194,N236MN,B737-800,American Airlines,FLEET-016,2018-11-15,Boeing,28286,ATL,True
195,N722KT,B737-900,JetBlue Airways,FLEET-003,2010-03-31,Boeing,33528,ORD,True
196,N926RW,B747-400F,FedEx Express,FLEET-019,2017-12-13,Boeing,48884,SEA,True
197,N727OQ,MD-11F,Frontier Airlines,FLEET-010,2015-11-08,Boeing,5396,MSP,True
198,N116NO,MD-11F,Delta Air Lines,FLEET-007,2012-10-24,Boeing,50950,LAX,True
199,N179XD,A321-200,JetBlue Airways,FLEET-014,2011-07-10,Airbus,16210,SEA,True
200,N990VP,A320-200,FedEx Express,FLEET-005,2017-01-18,Airbus,15043,ATL,True
201,N557DX,B737-900,Delta Air Lines,FLEET-014,2015-08-20,Boeing,52184,SEA,True
202,N560RR,B737-800,Spirit Airlines,FLEET-019,2012-10-04,Boeing,3283,SEA,True
203,N862XB,A320-200,Alaska Airlines,FLEET-014,2012-05-19,Airbus,39219,JFK,True
204,N120QG,B737-900,UPS Airlines,FLEET-019,2017-03-27,Boeing,56804,ORD,True
205,N337RL,B737-900,Southwest Airlines,FLEET-012,2010-07-15,Boeing,34256,ATL,True
206,N352RY,B767-300,Frontier Airlines,FLEET-014,2014-07-15,Boeing,3047,MSP,True
207,N139VW,B737-800,Spirit Airlines,FLEET-020,2010-09-19,Boeing,54861,JFK,True
208,N307LA,B777-200,FedEx Express,FLEET-011,2020-10-05,Boeing,25560,ORD,True
209,N475EX,A321-200,Frontier Airlines,FLEET-003,2020-08-22,Airbus,29601,DFW,True
210,N684NO,B767-300,Spirit Airlines,FLEET-013,2016-07-23,Boeing,18595,SEA,True
211,N441TC,A320-200,FedEx Express,FLEET-019,2017-07-17,Airbus,43855,DFW,True
212,N365IO,B737-800,Frontier Airlines,FLEET-003,2010-01-24,Boeing,44279,DEN,True
213,N522GY,A321-200,JetBlue Airways,FLEET-009,2013-08-02,Airbus,46275,BOS,True
214,N219VV,B737-900,Alaska Airlines,FLEET-010,2013-04-10,Boeing,44426,MSP,True
215,N810MT,B737-800,FedEx Express,FLEET-008,2012-02-17,Boeing,4331,DFW,True
216,N564YI,B767-300,FedEx Express,FLEET-005,2018-02-11,Boeing,38028,JFK,True
217,N259FE,A330-300,American Airlines,FLEET-014,2011-07-07,Airbus,19378,DEN,True
218,N393VZ,MD-11F,Southwest Airlines,FLEET-018,2019-01-02,Boeing,13041,SEA,True
219,N552OC,A321-200,American Airlines,FLEET-001,2012-04-02,Airbus,53881,SEA,True
220,N170JD,A321-200,Frontier Airlines,FLEET-014,2014-03-29,Airbus,56469,DEN,True
221,N126OW,B757-200,UPS Airlines,FLEET-020,2012-11-10,Boeing,17556,SEA,True
222,N288SM,B767-300,Delta Air Lines,FLEET-014,2017-07-29,Boeing,42093,BOS,True
223,N639KY,A320-200,FedEx Express,FLEET-008,2019-07-28,Airbus,56754,ORD,True
224,N408GY,MD-11F,Delta Air Lines,FLEET-017,2010-10-19,Boeing,23840,SEA,True
225,N731EI,B767-300,United Airlines,FLEET-004,2019-01-27,Boeing,25733,LAX,True
226,N102YU,B737-900,United Airlines,FLEET-006,2018-06-06,Boeing,44924,MIA,True
227,N975VS,B747-400F,Frontier Airlines,FLEET-015,2020-01-15,Boeing,37809,MSP,True
228,N934CP,B757-200,UPS Airlines,FLEET-015,2012-04-16,Boeing,59605,MIA,True
229,N223LQ,B747-400F,FedEx Express,FLEET-002,2020-08-06,Boeing,48707,ATL,True
230,N828LJ,B737-800,JetBlue Airways,FLEET-002,2014-12-31,Boeing,38378,ATL,True
231,N646QM,B747-400F,Delta Air Lines,FLEET-020,2019-04-08,Boeing,29920,MIA,True
232,N283UG,A330-300,American Airlines,FLEET-019,2016-03-17,Airbus,56269,SEA,True
233,N395OD,B757-200,Spirit Airlines,FLEET-002,2017-01-29,Boeing,7450,SEA,False
234,N252BH,MD-11F,Delta Air Lines,FLEET-006,2017-05-21,Boeing,20247,MIA,False
235,N606FL,MD-11F,Spirit Airlines,FLEET-020,2014-01-19,Boeing,30850,SEA,True
236,N576VT,A321-200,Alaska Airlines,FLEET-011,2017-07-15,Airbus,20140,DFW,True
237,N405DR,B737-900,UPS Airlines,FLEET-011,2017-03-20,Boeing,22847,DEN,True
238,N440CS,B757-200,Frontier Airlines,FLEET-011,2010-04-28,Boeing,15505,ORD,True
239,N301TW,A321-200,FedEx Express,FLEET-005,2014-06-05,Airbus,12239,ATL,True
240,N515VW,A320-200,Alaska Airlines,FLEET-005,2014-03-15,Airbus,28375,BOS,True
241,N734AL,MD-11F,Alaska Airlines,FLEET-012,2016-02-16,Boeing,17849,JFK,True
242,N835GH,A320-200,Southwest Airlines,FLEET-016,2016-03-25,Airbus,45624,ORD,True
243,N970YR,B737-900,FedEx Express,FLEET-017,2020-05-05,Boeing,5251,BOS,True
244,N939TM,B747-400F,UPS Airlines,FLEET-005,2016-04-22,Boeing,41137,ORD,True
245,N546BN,B757-200,Frontier Airlines,FLEET-015,2011-02-02,Boeing,55647,SEA,True
246,N581JY,A330-300,Southwest Airlines,FLEET-020,2018-11-21,Airbus,33968,MIA,True
247,N817GL,B777-200,Southwest Airlines,FLEET-016,2012-10-15,Boeing,22582,MSP,False
248,N143QQ,B777-200,JetBlue Airways,FLEET-013,2016-04-15,Boeing,56932,DEN,False
249,N312IB,B747-400F,Southwest Airlines,FLEET-005,2014-12-27,Boeing,37025,MIA,True
250,N777DJ,B737-900,Spirit Airlines,FLEET-017,2018-03-22,Boeing,41852,ATL,True
251,N720EN,A330-300,FedEx Express,FLEET-017,2014-04-07,Airbus,41108,ATL,False
252,N684AN,A330-300,Southwest Airlines,FLEET-012,2012-11-02,Airbus,23072,DFW,True
253,N480CL,B767-300,UPS Airlines,FLEET-013,2013-09-08,Boeing,15010,LAX,True
254,N857EB,A320-200,Delta Air Lines,FLEET-005,2012-06-10,Airbus,47629,JFK,True
255,N578OT,B757-200,JetBlue Airways,FLEET-016,2016-02-09,Boeing,40409,DFW,True
256,N970ER,B777-200,American Airlines,FLEET-007,2020-03-13,Boeing,34421,MSP,True
257,N877JD,B777-200,Delta Air Lines,FLEET-008,2012-10-03,Boeing,16348,DFW,True
258,N324DP,A330-300,Frontier Airlines,FLEET-003,2019-05-12,Airbus,14982,MSP,True
259,N493WE,B747-400F,Spirit Airlines,FLEET-008,2017-11-25,Boeing,35561,JFK,True
260,N861SN,A320-200,Frontier Airlines,FLEET-008,2019-02-05,Airbus,42609,ORD,True
261,N178CQ,MD-11F,Delta Air Lines,FLEET-012,2014-06-06,Boeing,45708,BOS,True
262,N440MP,MD-11F,Spirit Airlines,FLEET-001,2011-05-07,Boeing,38335,DFW,True
263,N248LZ,B777-200,UPS Airlines,FLEET-001,2018-01-29,Boeing,44887,ATL,True
264,N509EB,B747-400F,Delta Air Lines,FLEET-011,2011-04-30,Boeing,20055,SEA,True
265,N952UF,A330-300,United Airlines,FLEET-016,2017-06-24,Airbus,24254,ORD,True
266,N553GB,B737-800,JetBlue Airways,FLEET-010,2011-10-04,Boeing,45231,LAX,True
267,N774MR,B777-200,UPS Airlines,FLEET-017,2010-08-09,Boeing,32123,MIA,True
268,N735YB,B777-200,Southwest Airlines,FLEET-012,2016-01-30,Boeing,32207,SEA,True
269,N613XO,A321-200,UPS Airlines,FLEET-013,2010-09-03,Airbus,14458,DEN,True
270,N431LZ,A330-300,United Airlines,FLEET-016,2019-02-28,Airbus,17083,BOS,True
271,N116NT,A321-200,Delta Air Lines,FLEET-003,2012-09-03,Airbus,46320,ORD,True
272,N635KV,B737-900,UPS Airlines,FLEET-003,2020-07-22,Boeing,44994,JFK,True
273,N127WO,A321-200,Frontier Airlines,FLEET-006,2018-05-29,Airbus,38977,SEA,True
274,N829IU,B747-400F,UPS Airlines,FLEET-014,2010-12-28,Boeing,24059,DFW,True
275,N918ZX,A320-200,Alaska Airlines,FLEET-017,2017-04-19,Airbus,51777,ORD,False
276,N389BE,B747-400F,United Airlines,FLEET-015,2019-11-04,Boeing,24169,ATL,True
277,N675SB,A320-200,UPS Airlines,FLEET-013,2019-12-01,Airbus,30283,MSP,True
278,N555OY,A320-200,JetBlue Airways,FLEET-012,2011-12-07,Airbus,57975,ATL,True
279,N561KU,A320-200,Spirit Airlines,FLEET-013,2020-03-31,Airbus,53023,JFK,True
280,N437PQ,B737-800,Delta Air Lines,FLEET-006,2013-02-01,Boeing,8785,DEN,True
281,N761WO,B777-200,Delta Air Lines,FLEET-009,2012-05-29,Boeing,31886,LAX,False
282,N617DE,A330-300,FedEx Express,FLEET-007,2015-04-30,Airbus,48641,ATL,True
283,N261VL,B737-900,JetBlue Airways,FLEET-011,2012-05-07,Boeing,14464,ATL,True
284,N518WW,B777-200,FedEx Express,FLEET-006,2012-12-15,Boeing,37551,ORD,True
285,N645GZ,B767-300,Spirit Airlines,FLEET-004,2020-08-21,Boeing,32132,ORD,True
286,N156RS,B737-800,JetBlue Airways,FLEET-012,2019-07-25,Boeing,32526,SEA,True
287,N535CC,B757-200,Spirit Airlines,FLEET-020,2014-08-05,Boeing,44589,JFK,True
288,N671YN,MD-11F,JetBlue Airways,FLEET-014,2019-03-26,Boeing,25900,MSP,True
289,N249OV,B737-900,UPS Airlines,FLEET-015,2010-02-26,Boeing,46954,BOS,True
290,N651YE,B747-400F,Spirit Airlines,FLEET-006,2011-10-05,Boeing,22201,DEN,True
291,N929EJ,B737-900,American Airlines,FLEET-017,2010-12-23,Boeing,7539,ORD,True
292,N155JC,A320-200,Southwest Airlines,FLEET-017,2018-10-28,Airbus,17405,JFK,True
293,N310UJ,B777-200,Spirit Airlines,FLEET-005,2019-02-21,Boeing,20410,MSP,True
294,N484SE,B757-200,Spirit Airlines,FLEET-019,2013-12-31,Boeing,7073,ORD,True
295,N682BA,A320-200,Frontier Airlines,FLEET-019,2013-01-24,Airbus,32750,ATL,True
296,N788YS,B777-200,Frontier Airlines,FLEET-007,2014-02-26,Boeing,52577,DEN,True
297,N893JU,A330-300,American Airlines,FLEET-018,2015-03-19,Airbus,34162,JFK,True
298,N782CW,B777-200,Alaska Airlines,FLEET-015,2018-10-19,Boeing,7409,DFW,True
299,N483GK,A330-300,Alaska Airlines,FLEET-015,2017-03-30,Airbus,10936,MSP,True
300,N874EY,A320-200,UPS Airlines,FLEET-013,2015-03-02,Airbus,56698,SEA,True
301,N119OD,A320-200,Delta Air Lines,FLEET-008,2016-03-13,Airbus,30357,JFK,True
302,N709JM,B737-900,United Airlines,FLEET-002,2018-08-29,Boeing,24230,MSP,True
303,N287XK,A320-200,United Airlines,FLEET-019,2013-11-19,Airbus,51163,LAX,True
304,N269PJ,MD-11F,JetBlue Airways,FLEET-015,2010-05-03,Boeing,33260,MIA,True
305,N430HG,MD-11F,Alaska Airlines,FLEET-015,2010-07-03,Boeing,49278,MSP,True
306,N198TU,B777-200,American Airlines,FLEET-016,2018-02-11,Boeing,15766,MIA,True
307,N380EI,B737-900,American Airlines,FLEET-014,2018-04-10,Boeing,25276,SEA,True
308,N259BS,B737-800,UPS Airlines,FLEET-013,2012-05-04,Boeing,41315,BOS,True
309,N168MQ,B777-200,Spirit Airlines,FLEET-003,2019-02-09,Boeing,13212,MIA,True
310,N518DE,B747-400F,FedEx Express,FLEET-020,2019-12-26,Boeing,3428,ATL,True
311,N659YE,MD-11F,UPS Airlines,FLEET-012,2013-10-13,Boeing,34316,LAX,True
312,N687BB,MD-11F,Alaska Airlines,FLEET-002,2020-07-04,Boeing,55783,ORD,True
313,N247ET,MD-11F,JetBlue Airways,FLEET-015,2016-11-26,Boeing,34257,BOS,True
314,N908MT,A320-200,Frontier Airlines,FLEET-006,2019-10-03,Airbus,4908,JFK,True
315,N765PW,MD-11F,Spirit Airlines,FLEET-018,2020-07-17,Boeing,13565,MSP,True
316,N437VD,A320-200,American Airlines,FLEET-011,2019-11-08,Airbus,17679,DEN,True
317,N276IU,B747-400F,American Airlines,FLEET-016,2019-05-17,Boeing,41110,MSP,True
318,N349FQ,B747-400F,American Airlines,FLEET-016,2016-10-29,Boeing,52422,MSP,True
319,N185BS,B757-200,Alaska Airlines,FLEET-008,2013-09-02,Boeing,43111,ATL,True
320,N996EN,A320-200,JetBlue Airways,FLEET-014,2010-04-01,Airbus,29166,LAX,True
321,N318WE,A330-300,Frontier Airlines,FLEET-002,2014-11-03,Airbus,28436,BOS,True
322,N128MK,A330-300,UPS Airlines,FLEET-017,2010-07-17,Airbus,10452,ORD,True
323,N360LV,A320-200,Spirit Airlines,FLEET-018,2010-04-01,Airbus,38382,JFK,True
324,N389RJ,B767-300,Southwest Airlines,FLEET-009,2015-04-12,Boeing,12237,LAX,False
325,N967WW,B777-200,FedEx Express,FLEET-007,2020-01-04,Boeing,46352,MIA,True
326,N850JD,MD-11F,UPS Airlines,FLEET-009,2013-02-22,Boeing,27079,MSP,True
327,N628YZ,A321-200,Alaska Airlines,FLEET-012,2010-07-16,Airbus,54901,ORD,True
328,N516OU,B737-900,FedEx Express,FLEET-012,2012-12-14,Boeing,37489,JFK,True
329,N253IR,B767-300,Southwest Airlines,FLEET-018,2018-09-10,Boeing,33730,JFK,True
330,N974HB,B747-400F,Frontier Airlines,FLEET-008,2014-05-11,Boeing,50272,BOS,True
331,N935NK,B737-800,Southwest Airlines,FLEET-004,2011-04-25,Boeing,58797,MIA,True
332,N548FN,B737-800,United Airlines,FLEET-018,2016-04-01,Boeing,41636,MIA,True
333,N758JU,B777-200,Southwest Airlines,FLEET-011,2016-10-20,Boeing,52570,DFW,True
334,N143RX,B747-400F,Delta Air Lines,FLEET-008,2012-11-25,Boeing,51304,DFW,True
335,N375BM,A321-200,United Airlines,FLEET-006,2017-03-05,Airbus,50442,MIA,True
336,N296JS,B737-800,FedEx Express,FLEET-001,2011-09-09,Boeing,54954,MSP,True
337,N405UR,B777-200,UPS Airlines,FLEET-015,2016-05-13,Boeing,6602,BOS,True
338,N229IG,MD-11F,United Airlines,FLEET-015,2019-10-24,Boeing,59992,ATL,True
339,N875AX,B777-200,JetBlue Airways,FLEET-006,2010-07-14,Boeing,18233,SEA,True
340,N474TU,B767-300,Frontier Airlines,FLEET-006,2011-11-02,Boeing,19379,DEN,True
341,N559MV,A320-200,Spirit Airlines,FLEET-003,2014-11-17,Airbus,18358,ATL,True
342,N866HA,A330-300,United Airlines,FLEET-011,2019-10-27,Airbus,39676,JFK,True
343,N274JS,B777-200,JetBlue Airways,FLEET-011,2020-10-07,Boeing,57764,MSP,True
344,N505VD,B767-300,UPS Airlines,FLEET-002,2012-06-02,Boeing,12527,MIA,True
345,N318WD,MD-11F,Alaska Airlines,FLEET-010,2016-05-13,Boeing,11380,JFK,True
346,N979PE,B767-300,Southwest Airlines,FLEET-005,2015-03-28,Boeing,16279,MIA,True
347,N874WR,A320-200,Frontier Airlines,FLEET-014,2020-08-12,Airbus,16677,MIA,True
348,N366ZC,B767-300,Southwest Airlines,FLEET-020,2014-06-25,Boeing,40358,BOS,True
349,N967DB,B737-900,UPS Airlines,FLEET-019,2019-11-24,Boeing,54049,BOS,True
350,N390EF,B747-400F,Southwest Airlines,FLEET-018,2015-06-09,Boeing,41804,SEA,True
351,N209WS,B737-900,JetBlue Airways,FLEET-007,2010-04-10,Boeing,29807,MIA,True
352,N903OE,A330-300,Spirit Airlines,FLEET-002,2015-06-18,Airbus,27477,BOS,True
353,N699OV,B737-800,Frontier Airlines,FLEET-018,2017-05-27,Boeing,19589,JFK,True
354,N375XG,B777-200,Alaska Airlines,FLEET-001,2011-02-03,Boeing,48138,MSP,True
355,N402RB,A320-200,Alaska Airlines,FLEET-003,2014-09-14,Airbus,40278,ATL,False
356,N934NF,B737-800,JetBlue Airways,FLEET-010,2014-01-25,Boeing,53202,ORD,True
357,N502OM,A320-200,Alaska Airlines,FLEET-013,2014-03-12,Airbus,22883,DEN,True
358,N485DF,B757-200,Spirit Airlines,FLEET-012,2011-12-22,Boeing,6051,BOS,True
359,N116YA,B767-300,United Airlines,FLEET-001,2014-06-06,Boeing,30835,JFK,True
360,N883MH,A321-200,Spirit Airlines,FLEET-018,2019-05-11,Airbus,48804,LAX,True
361,N754XY,B777-200,United Airlines,FLEET-007,2019-05-03,Boeing,12843,ATL,True
362,N629HG,B747-400F,Alaska Airlines,FLEET-001,2014-04-13,Boeing,21508,ATL,True
363,N831VW,A330-300,American Airlines,FLEET-020,2011-10-27,Airbus,6958,DFW,True
364,N815HR,A321-200,American Airlines,FLEET-015,2012-08-10,Airbus,35631,LAX,True
365,N219JH,B757-200,American Airlines,FLEET-017,2011-04-23,Boeing,35085,MSP,True
366,N716JE,A320-200,Frontier Airlines,FLEET-008,2011-03-07,Airbus,45228,BOS,True
367,N209RS,B777-200,FedEx Express,FLEET-002,2011-09-28,Boeing,11146,ORD,True
368,N322BL,MD-11F,Alaska Airlines,FLEET-016,2019-08-05,Boeing,56804,DEN,True
369,N289EJ,A321-200,UPS Airlines,FLEET-014,2013-03-13,Airbus,15046,DEN,True
370,N388HJ,A330-300,Spirit Airlines,FLEET-008,2016-10-29,Airbus,15929,ORD,True
371,N815NR,MD-11F,American Airlines,FLEET-014,2012-01-01,Boeing,37546,BOS,True
372,N236KU,B777-200,Southwest Airlines,FLEET-007,2018-10-07,Boeing,20599,ATL,True
373,N692XG,B737-900,UPS Airlines,FLEET-018,2013-06-25,Boeing,25736,DFW,True
374,N650CG,B747-400F,Frontier Airlines,FLEET-002,2014-04-30,Boeing,17152,MSP,True
375,N502GK,B767-300,Spirit Airlines,FLEET-016,2016-02-09,Boeing,17382,JFK,False
376,N476XD,B767-300,American Airlines,FLEET-007,2016-10-27,Boeing,29468,MIA,True
377,N304HR,B767-300,Frontier Airlines,FLEET-013,2019-02-15,Boeing,36779,SEA,True
378,N686UL,A330-300,Alaska Airlines,FLEET-018,2020-05-04,Airbus,41233,JFK,True
379,N521DZ,A330-300,Spirit Airlines,FLEET-015,2013-08-05,Airbus,59754,MIA,True
380,N278KN,B767-300,UPS Airlines,FLEET-012,2012-10-18,Boeing,30866,DFW,True
381,N396IR,B757-200,Southwest Airlines,FLEET-001,2019-03-31,Boeing,45856,MSP,True
382,N920GK,B777-200,Alaska Airlines,FLEET-005,2018-02-09,Boeing,7538,LAX,True
383,N207UV,A330-300,Southwest Airlines,FLEET-018,2010-12-02,Airbus,32375,SEA,True
384,N872FX,A330-300,JetBlue Airways,FLEET-015,2017-04-15,Airbus,55470,SEA,True
385,N573RU,A330-300,Spirit Airlines,FLEET-006,2020-07-15,Airbus,25940,DFW,True
386,N779NE,B737-800,Delta Air Lines,FLEET-001,2011-11-22,Boeing,2978,LAX,True
387,N495QO,B737-800,United Airlines,FLEET-007,2013-03-07,Boeing,5216,SEA,True
388,N469AA,A330-300,Frontier Airlines,FLEET-016,2013-03-17,Airbus,32976,BOS,True
389,N175XI,B737-800,American Airlines,FLEET-017,2011-11-28,Boeing,41685,BOS,False
390,N775ZF,MD-11F,American Airlines,FLEET-014,2016-02-20,Boeing,31908,ATL,True
391,N367GT,B757-200,Spirit Airlines,FLEET-008,2018-07-30,Boeing,32395,BOS,True
392,N550CL,B777-200,UPS Airlines,FLEET-013,2016-12-14,Boeing,50750,DEN,True
393,N858VC,B767-300,Southwest Airlines,FLEET-010,2015-12-23,Boeing,31085,DFW,True
394,N733PB,A321-200,Alaska Airlines,FLEET-018,2017-12-29,Airbus,52882,DFW,True
395,N823UZ,A330-300,Delta Air Lines,FLEET-014,2011-09-10,Airbus,42570,SEA,True
396,N791HG,MD-11F,Delta Air Lines,FLEET-002,2010-01-06,Boeing,37656,MSP,True
397,N512RS,B737-900,American Airlines,FLEET-009,2013-10-10,Boeing,11513,DFW,True
398,N771SE,B737-800,UPS Airlines,FLEET-007,2013-01-07,Boeing,25295,DEN,True
399,N174HS,B757-200,FedEx Express,FLEET-019,2010-04-03,Boeing,57630,DEN,True
400,N450YX,A320-200,Spirit Airlines,FLEET-013,2011-05-11,Airbus,22468,ORD,True
401,N453BD,MD-11F,Delta Air Lines,FLEET-012,2010-02-16,Boeing,4682,DEN,True
402,N157YT,A320-200,Delta Air Lines,FLEET-020,2017-12-10,Airbus,58863,MSP,True
403,N950ZO,B737-800,UPS Airlines,FLEET-009,2013-02-09,Boeing,21206,MIA,True
404,N348FV,A321-200,Spirit Airlines,FLEET-014,2013-01-17,Airbus,8101,MSP,True
405,N807ZH,B747-400F,Delta Air Lines,FLEET-010,2014-04-04,Boeing,27391,ATL,True
406,N148XM,A321-200,United Airlines,FLEET-005,2017-09-28,Airbus,50833,SEA,True
407,N212OL,B737-800,Delta Air Lines,FLEET-010,2016-06-25,Boeing,49468,JFK,True
408,N671OR,B757-200,Delta Air Lines,FLEET-014,2016-01-10,Boeing,47003,BOS,True
409,N780LR,B737-800,Delta Air Lines,FLEET-003,2017-12-12,Boeing,9476,ATL,True
410,N182JN,A321-200,UPS Airlines,FLEET-001,2011-02-07,Airbus,45015,DEN,True
411,N654QF,B767-300,Spirit Airlines,FLEET-019,2014-06-26,Boeing,56046,DEN,True
412,N633PE,B777-200,FedEx Express,FLEET-009,2018-03-18,Boeing,36867,ATL,True
413,N239PZ,A321-200,FedEx Express,FLEET-010,2016-07-30,Airbus,29205,ATL,True
414,N404TG,A330-300,Southwest Airlines,FLEET-020,2020-12-09,Airbus,26522,MIA,True
415,N888KT,B737-800,FedEx Express,FLEET-013,2010-07-21,Boeing,16747,DEN,True
416,N812NU,A330-300,UPS Airlines,FLEET-011,2016-10-16,Airbus,43239,MSP,True
417,N774PK,B747-400F,UPS Airlines,FLEET-007,2020-08-05,Boeing,26877,ORD,False
418,N970SZ,B777-200,UPS Airlines,FLEET-016,2010-09-03,Boeing,2801,LAX,True
419,N957DS,A321-200,FedEx Express,FLEET-012,2015-11-22,Airbus,37259,LAX,True
420,N744AX,B757-200,Spirit Airlines,FLEET-018,2015-09-26,Boeing,39226,MIA,False
421,N866WC,A330-300,Southwest Airlines,FLEET-010,2018-04-03,Airbus,9398,DEN,True
422,N560IV,B777-200,United Airlines,FLEET-008,2012-10-04,Boeing,24751,ORD,True
423,N517TP,B737-900,Alaska Airlines,FLEET-015,2014-04-06,Boeing,41619,MSP,True
424,N198BZ,A321-200,Spirit Airlines,FLEET-018,2012-04-21,Airbus,2236,SEA,True
425,N783DY,B747-400F,Spirit Airlines,FLEET-003,2020-02-10,Boeing,26777,LAX,True
426,N311BS,B757-200,UPS Airlines,FLEET-020,2013-12-01,Boeing,32188,DEN,False
427,N792AD,A321-200,UPS Airlines,FLEET-004,2017-05-26,Airbus,2347,JFK,True
428,N429WS,MD-11F,Spirit Airlines,FLEET-019,2015-05-17,Boeing,17064,LAX,True
429,N558WQ,A330-300,Alaska Airlines,FLEET-019,2011-06-17,Airbus,22597,ORD,True
430,N694JN,A330-300,American Airlines,FLEET-004,2015-01-20,Airbus,40123,ATL,True
431,N700KO,A320-200,United Airlines,FLEET-010,2015-01-04,Airbus,28157,LAX,True
432,N700OX,A330-300,UPS Airlines,FLEET-004,2011-07-23,Airbus,37720,MIA,True
433,N778AK,B737-800,FedEx Express,FLEET-004,2016-03-21,Boeing,9474,ATL,True
434,N856FR,B767-300,United Airlines,FLEET-017,2011-05-12,Boeing,56945,ORD,True
435,N732ZM,A330-300,Alaska Airlines,FLEET-008,2017-02-19,Airbus,7362,ORD,True
436,N502XT,A321-200,Alaska Airlines,FLEET-001,2018-04-06,Airbus,49908,LAX,True
437,N405WG,A321-200,Alaska Airlines,FLEET-001,2017-07-07,Airbus,38327,LAX,True
438,N345ZR,B747-400F,Delta Air Lines,FLEET-004,2020-05-13,Boeing,56564,ORD,True
439,N186IV,A330-300,Southwest Airlines,FLEET-004,2018-07-20,Airbus,18558,MIA,True
440,N794TM,B747-400F,UPS Airlines,FLEET-013,2018-09-06,Boeing,55581,MSP,True
441,N141FV,A330-300,UPS Airlines,FLEET-020,2014-03-18,Airbus,11516,JFK,True
442,N662KD,B737-900,Frontier Airlines,FLEET-005,2013-08-23,Boeing,47075,LAX,True
443,N538QM,A320-200,United Airlines,FLEET-005,2012-04-29,Airbus,13503,DEN,True
444,N227FP,A321-200,Frontier Airlines,FLEET-014,2011-06-19,Airbus,3816,BOS,True
445,N211PJ,MD-11F,United Airlines,FLEET-006,2015-09-04,Boeing,2459,ORD,True
446,N899LA,B747-400F,JetBlue Airways,FLEET-002,2011-05-31,Boeing,32108,MIA,True
447,N876UP,MD-11F,Alaska Airlines,FLEET-017,2016-06-16,Boeing,17050,DEN,True
448,N838FC,A330-300,Alaska Airlines,FLEET-016,2015-09-18,Airbus,5648,MSP,True
449,N590IH,B777-200,Southwest Airlines,FLEET-002,2011-04-29,Boeing,28921,BOS,True
450,N748RQ,B747-400F,JetBlue Airways,FLEET-016,2014-05-06,Boeing,57622,ATL,True
451,N829RY,MD-11F,FedEx Express,FLEET-012,2015-08-23,Boeing,8463,DFW,True
452,N453ND,MD-11F,JetBlue Airways,FLEET-007,2020-06-24,Boeing,16760,LAX,True
453,N221LC,A330-300,American Airlines,FLEET-009,2017-03-14,Airbus,41838,MIA,True
454,N862ZX,B767-300,Delta Air Lines,FLEET-007,2017-09-12,Boeing,59615,MSP,True
455,N635TE,A321-200,Frontier Airlines,FLEET-006,2019-01-17,Airbus,43885,LAX,True
456,N226RI,B747-400F,American Airlines,FLEET-012,2016-08-11,Boeing,22089,MSP,True
457,N598SI,B777-200,UPS Airlines,FLEET-010,2019-04-22,Boeing,27741,BOS,False
458,N496BI,B757-200,Delta Air Lines,FLEET-014,2011-08-15,Boeing,43436,ORD,True
459,N632WK,B767-300,United Airlines,FLEET-005,2014-11-11,Boeing,8609,LAX,True
460,N260SU,A330-300,Alaska Airlines,FLEET-005,2015-12-19,Airbus,30480,JFK,True
461,N917UZ,A330-300,Alaska Airlines,FLEET-003,2014-03-11,Airbus,17727,ATL,True
462,N430PK,A320-200,FedEx Express,FLEET-015,2014-02-22,Airbus,54756,MSP,True
463,N796CZ,A330-300,Delta Air Lines,FLEET-012,2010-02-19,Airbus,46335,BOS,True
464,N805IK,B767-300,Alaska Airlines,FLEET-016,2018-01-16,Boeing,51143,JFK,True
465,N633PZ,B757-200,Frontier Airlines,FLEET-019,2011-05-24,Boeing,28123,SEA,True
466,N344UZ,B737-800,American Airlines,FLEET-004,2012-12-11,Boeing,53813,MIA,True
467,N625AN,A330-300,United Airlines,FLEET-015,2013-01-07,Airbus,40081,LAX,False
468,N490IC,B777-200,United Airlines,FLEET-006,2020-06-30,Boeing,51501,SEA,True
469,N212MU,B757-200,UPS Airlines,FLEET-002,2013-12-03,Boeing,53969,JFK,True
470,N343WD,A321-200,Southwest Airlines,FLEET-003,2011-08-31,Airbus,27138,DFW,True
471,N197HQ,B757-200,Delta Air Lines,FLEET-019,2011-12-26,Boeing,7878,MIA,True
472,N313WE,B737-900,UPS Airlines,FLEET-014,2015-06-05,Boeing,30455,MIA,True
473,N457DK,B737-900,Alaska Airlines,FLEET-004,2012-08-14,Boeing,26305,SEA,True
474,N675UV,A321-200,United Airlines,FLEET-005,2013-11-07,Airbus,34499,ORD,True
475,N914UF,B737-800,Frontier Airlines,FLEET-020,2011-11-09,Boeing,53800,MIA,True
476,N497TV,B757-200,Southwest Airlines,FLEET-014,2012-04-14,Boeing,18898,MIA,True
477,N282YD,B737-900,Delta Air Lines,FLEET-005,2011-03-03,Boeing,51988,MSP,True
478,N286ZE,A321-200,UPS Airlines,FLEET-011,2018-12-19,Airbus,12570,LAX,True
479,N844TT,B767-300,Delta Air Lines,FLEET-018,2012-11-16,Boeing,37163,MSP,True
480,N281QT,B777-200,American Airlines,FLEET-007,2011-10-03,Boeing,51823,BOS,True
481,N563ZZ,B777-200,Alaska Airlines,FLEET-002,2015-10-08,Boeing,38665,LAX,True
482,N457UT,B767-300,Delta Air Lines,FLEET-016,2015-08-30,Boeing,39172,ATL,True
483,N591EM,A320-200,American Airlines,FLEET-011,2017-06-10,Airbus,35924,MSP,True
484,N934YC,B757-200,Spirit Airlines,FLEET-016,2013-05-09,Boeing,42228,DFW,True
485,N953BB,B777-200,American Airlines,FLEET-007,2011-07-31,Boeing,45042,DEN,True
486,N339WM,A321-200,Spirit Airlines,FLEET-014,2019-09-24,Airbus,29963,ATL,True
487,N688IC,B747-400F,Spirit Airlines,FLEET-005,2011-01-03,Boeing,11305,JFK,True
488,N824KM,B757-200,Southwest Airlines,FLEET-018,2019-10-11,Boeing,10598,MSP,True
489,N643XH,B777-200,Delta Air Lines,FLEET-014,2012-05-19,Boeing,55556,DFW,True
490,N122TT,B737-900,Alaska Airlines,FLEET-015,2018-08-27,Boeing,24144,DFW,True
491,N169WE,B737-900,United Airlines,FLEET-001,2016-04-12,Boeing,39310,DFW,True
492,N963ZX,MD-11F,UPS Airlines,FLEET-017,2018-07-11,Boeing,22688,JFK,True
493,N245YA,B777-200,United Airlines,FLEET-004,2015-12-22,Boeing,54805,SEA,True
494,N922IW,MD-11F,FedEx Express,FLEET-003,2017-04-13,Boeing,8449,MSP,True
495,N223LB,A330-300,JetBlue Airways,FLEET-017,2015-10-31,Airbus,12294,MIA,True
496,N114IY,A320-200,United Airlines,FLEET-006,2019-09-14,Airbus,13915,ATL,True
497,N513AB,B767-300,Delta Air Lines,FLEET-017,2020-02-28,Boeing,32990,DFW,True
498,N928EF,A320-200,JetBlue Airways,FLEET-013,2019-12-15,Airbus,13185,DFW,True
499,N992HN,B767-300,Alaska Airlines,FLEET-011,2016-12-09,Boeing,5615,SEA,True
500,N867DQ,B747-400F,Delta Air Lines,FLEET-012,2013-06-08,Boeing,45260,DFW,True
